team_id,team_url,team_name,league,team_city,team_year,saloon_name,saloon_capacity,saloon_address
164390,https://www.tbf.org.tr/ligler/bsl-2024-2025/takim-detay/164390,ALİAĞA PETKİMSPOR,bsl-2024-2025,İZMİR,1984,Enka Spor Salonu,2500 Kişi,"ATATÜRK MAH. GÜNEŞ SOK. NO:23 ALİAĞA / İZMİR

                        "
164374,https://www.tbf.org.tr/ligler/bsl-2024-2025/takim-detay/164374,ANADOLU EFES,bsl-2024-2025,İSTANBUL,1951,Sinan Erdem Spor Salonu,16000 Kişi,"ZUHURATBABA MAH. ATAKÖY BLV. NO:14 BAKIRKÖY / İSTANBUL

                        "
164375,https://www.tbf.org.tr/ligler/bsl-2024-2025/takim-detay/164375,BAHÇEŞEHİR KOLEJİ,bsl-2024-2025,İSTANBUL,2014,Sinan Erdem Spor Salonu,16000 Kişi,"ZUHURATBABA MAH. ATAKÖY BLV. NO:14 BAKIRKÖY / İSTANBUL

                        "
164376,https://www.tbf.org.tr/ligler/bsl-2024-2025/takim-detay/164376,BEŞİKTAŞ FIBABANKA,bsl-2024-2025,İSTANBUL,1903,BJK Emlakjet Spor Kompleksi,2890 Kişi,"YILDIRIM OĞUZ GÖKER CAD. GELİNCİK SOK. NO:2 AKATLAR-BEŞİKTAŞ / İSTANBUL

                        "
164377,https://www.tbf.org.tr/ligler/bsl-2024-2025/takim-detay/164377,BURSASPOR YÖRSAN,bsl-2024-2025,BURSA,2020,Tofaş Spor Salonu,5750 Kişi,"FETHİYE MAH. FETHİYE CAD. NO:1 NİLÜFER / BURSA

                        "
164379,https://www.tbf.org.tr/ligler/bsl-2024-2025/takim-detay/164379,DARÜŞŞAFAKA LASSA,bsl-2024-2025,İSTANBUL,1951,Darüşşafaka Ayhan Şahenk Spor Salonu,3509 Kişi,"DERBENT MEVKİİ, DARÜŞŞAFAKA TESİSLERİ MASLAK-SARIYER / İSTANBUL

                        "
164380,https://www.tbf.org.tr/ligler/bsl-2024-2025/takim-detay/164380,FENERBAHÇE BEKO,bsl-2024-2025,İSTANBUL,1907,Ülker Spor ve Etkinlik Salonu,12687 Kişi,"BARBAROS MAH. IHLAMUR SOK. BATI ATAŞAHİR-ATAŞEHİR / İSTANBUL

                        "
164381,https://www.tbf.org.tr/ligler/bsl-2024-2025/takim-detay/164381,GALATASARAY,bsl-2024-2025,İSTANBUL,1905,Sinan Erdem Spor Salonu,16000 Kişi,"ZUHURATBABA MAH. ATAKÖY BLV. NO:14 BAKIRKÖY / İSTANBUL

                        "
164382,https://www.tbf.org.tr/ligler/bsl-2024-2025/takim-detay/164382,KARŞIYAKA,bsl-2024-2025,İZMİR,1912,Mustafa Kemal Atatürk Karşıyaka Spor Salonu,4800 Kişi,"Cafer Düdayev Cad. No:42 Mavişehir/İzmir

                        "
164383,https://www.tbf.org.tr/ligler/bsl-2024-2025/takim-detay/164383,MANİSA BASKET,bsl-2024-2025,MANİSA,2024,Muradiye Spor Salonu,3500 Kişi,"MURADİYE MAH. GENÇLİK SOK. NO:13 YUNUSEMRE-MURADİYE / MANİSA
                        "
164389,https://www.tbf.org.tr/ligler/bsl-2024-2025/takim-detay/164389,MERSİN SPOR,bsl-2024-2025,MERSİN,2023,Servet Tazegül Spor Salonu,6000 Kişi,"Afet Mh. 32.Cadde Yenişehir/Mersin

                        "
164378,https://www.tbf.org.tr/ligler/bsl-2024-2025/takim-detay/164378,ONVO BÜYÜKÇEKMECE BASKETBOL,bsl-2024-2025,İSTANBUL,2009,Gazanfer Bilge Spor Salonu,2500 Kişi,"19 MAYIS MAH. OKUL SOK. BÜYÜKÇEKMECE / İSTANBUL

                        "
164393,https://www.tbf.org.tr/ligler/bsl-2024-2025/takim-detay/164393,SEMT77 YALOVASPOR,bsl-2024-2025,YALOVA,1998,90. Yıl Spor Salonu,2000 Kişi,"BAHÇELİEVLER MAH. STADYUM CAD. NO:30 MERKEZ / YALOVA

                        "
164391,https://www.tbf.org.tr/ligler/bsl-2024-2025/takim-detay/164391,TOFAŞ,bsl-2024-2025,BURSA,1957,Tofaş Spor Salonu,5750 Kişi,"FETHİYE MAH. FETHİYE CAD. NO:1 NİLÜFER / BURSA

                        "
164392,https://www.tbf.org.tr/ligler/bsl-2024-2025/takim-detay/164392,TÜRK TELEKOM,bsl-2024-2025,ANKARA,1954,Ankara Spor Salonu,9984 Kişi,"GAR MEYDANI HİPODRUM CAD. MERKEZ-ALTINDAĞ / ANKARA

                        "
164384,https://www.tbf.org.tr/ligler/bsl-2024-2025/takim-detay/164384,YUKATEL MERKEZEFENDİ BELEDİYESİ BASKET,bsl-2024-2025,DENİZLİ,2018,Pamukkale Üniversitesi Spor Salonu,3490 Kişi,"KINIKLI KAMPÜSÜ PAMUKKALE ÜNİVERSİTESİ SPOR MERKEZİ PAMUKKALE / DENİZLİ

                        "
136697,https://www.tbf.org.tr/ligler/bsl-2023-2024/takim-detay/136697,ALİAĞA PETKİMSPOR,bsl-2023-2024,İZMİR,1984,Enka Spor Salonu,2500 Kişi,"ATATÜRK MAH. GÜNEŞ SOK. NO:23 ALİAĞA / İZMİR

                        "
136685,https://www.tbf.org.tr/ligler/bsl-2023-2024/takim-detay/136685,ANADOLU EFES,bsl-2023-2024,İSTANBUL,1951,Sinan Erdem Spor Salonu,16000 Kişi,"ZUHURATBABA MAH. ATAKÖY BLV. NO:14 BAKIRKÖY / İSTANBUL

                        "
136686,https://www.tbf.org.tr/ligler/bsl-2023-2024/takim-detay/136686,BAHÇEŞEHİR KOLEJİ,bsl-2023-2024,İSTANBUL,2014,Ülker Spor ve Etkinlik Salonu,12687 Kişi,"BARBAROS MAH. IHLAMUR SOK. BATI ATAŞAHİR-ATAŞEHİR / İSTANBUL

                        "
136687,https://www.tbf.org.tr/ligler/bsl-2023-2024/takim-detay/136687,BEŞİKTAŞ EMLAKJET,bsl-2023-2024,İSTANBUL,1903,BJK Emlakjet Spor Kompleksi,2890 Kişi,"YILDIRIM OĞUZ GÖKER CAD. GELİNCİK SOK. NO:2 AKATLAR-BEŞİKTAŞ / İSTANBUL

                        "
136688,https://www.tbf.org.tr/ligler/bsl-2023-2024/takim-detay/136688,BURSASPOR İNFO YATIRIM,bsl-2023-2024,BURSA,2020,Tofaş Spor Salonu,5750 Kişi,"FETHİYE MAH. FETHİYE CAD. NO:1 NİLÜFER / BURSA

                        "
136690,https://www.tbf.org.tr/ligler/bsl-2023-2024/takim-detay/136690,ÇAĞDAŞ BODRUM SPOR,bsl-2023-2024,MUĞLA,2021,Bodrum Spor Salonu,1000 Kişi,"Konacık Mahallesi (Bitez Kavşağı) Halil İbrahim Çavuş Sokak No: 7 / B Bodrum / Muğla
                        "
136691,https://www.tbf.org.tr/ligler/bsl-2023-2024/takim-detay/136691,DARÜŞŞAFAKA LASSA,bsl-2023-2024,İSTANBUL,1951,Darüşşafaka Ayhan Şahenk Spor Salonu,3509 Kişi,"DERBENT MEVKİİ, DARÜŞŞAFAKA TESİSLERİ MASLAK-SARIYER / İSTANBUL

                        "
136692,https://www.tbf.org.tr/ligler/bsl-2023-2024/takim-detay/136692,FENERBAHÇE BEKO,bsl-2023-2024,İSTANBUL,1907,Ülker Spor ve Etkinlik Salonu,12687 Kişi,"BARBAROS MAH. IHLAMUR SOK. BATI ATAŞAHİR-ATAŞEHİR / İSTANBUL

                        "
136693,https://www.tbf.org.tr/ligler/bsl-2023-2024/takim-detay/136693,GALATASARAY EKMAS,bsl-2023-2024,İSTANBUL,1905,Sinan Erdem Spor Salonu,16000 Kişi,"ZUHURATBABA MAH. ATAKÖY BLV. NO:14 BAKIRKÖY / İSTANBUL

                        "
136695,https://www.tbf.org.tr/ligler/bsl-2023-2024/takim-detay/136695,MANİSA BÜYÜKŞEHİR BELEDİYE SPOR,bsl-2023-2024,MANİSA,1994,Muradiye Spor Salonu,3500 Kişi,"MURADİYE MAH. GENÇLİK SOK. NO:13 YUNUSEMRE-MURADİYE / MANİSA
                        "
136689,https://www.tbf.org.tr/ligler/bsl-2023-2024/takim-detay/136689,ONVO BÜYÜKÇEKMECE BASKETBOL,bsl-2023-2024,İSTANBUL,2009,Gazanfer Bilge Spor Salonu,2500 Kişi,"19 MAYIS MAH. OKUL SOK. BÜYÜKÇEKMECE / İSTANBUL

                        "
136694,https://www.tbf.org.tr/ligler/bsl-2023-2024/takim-detay/136694,PINAR KARŞIYAKA,bsl-2023-2024,İZMİR,1912,Mustafa Kemal Atatürk Karşıyaka Spor Salonu,4800 Kişi,"Cafer Düdayev Cad. No:42 Mavişehir/İzmir

                        "
136698,https://www.tbf.org.tr/ligler/bsl-2023-2024/takim-detay/136698,REEDER SAMSUNSPOR,bsl-2023-2024,SAMSUN,1951,, Kişi,"
                        "
136699,https://www.tbf.org.tr/ligler/bsl-2023-2024/takim-detay/136699,TOFAŞ,bsl-2023-2024,BURSA,1957,Tofaş Spor Salonu,5750 Kişi,"FETHİYE MAH. FETHİYE CAD. NO:1 NİLÜFER / BURSA

                        "
136700,https://www.tbf.org.tr/ligler/bsl-2023-2024/takim-detay/136700,TÜRK TELEKOM,bsl-2023-2024,ANKARA,1954,Ankara Spor Salonu,9984 Kişi,"GAR MEYDANI HİPODRUM CAD. MERKEZ-ALTINDAĞ / ANKARA

                        "
136696,https://www.tbf.org.tr/ligler/bsl-2023-2024/takim-detay/136696,YUKATEL MERKEZEFENDİ BELEDİYESİ BASKET,bsl-2023-2024,DENİZLİ,2018,Pamukkale Üniversitesi Spor Salonu,3490 Kişi,"KINIKLI KAMPÜSÜ PAMUKKALE ÜNİVERSİTESİ SPOR MERKEZİ PAMUKKALE / DENİZLİ

                        "
91120,https://www.tbf.org.tr/ligler/bsl-2022-2023/takim-detay/91120,ALİAĞA PETKİM SPOR,bsl-2022-2023,İZMİR,1984,Enka Spor Salonu,2500 Kişi,"ATATÜRK MAH. GÜNEŞ SOK. NO:23 ALİAĞA / İZMİR

                        "
91107,https://www.tbf.org.tr/ligler/bsl-2022-2023/takim-detay/91107,ANADOLU EFES,bsl-2022-2023,İSTANBUL,1951,Sinan Erdem Spor Salonu,16000 Kişi,"ZUHURATBABA MAH. ATAKÖY BLV. NO:14 BAKIRKÖY / İSTANBUL

                        "
91117,https://www.tbf.org.tr/ligler/bsl-2022-2023/takim-detay/91117,AYOS KONYASPOR BASKETBOL,bsl-2022-2023,KONYA,1973,Selçuklu Belediyesi Spor Salonu,4200 Kişi,"PARSANA MAH. PARSANA KEREM SOK. SELÇUKLU / KONYA

                        "
91108,https://www.tbf.org.tr/ligler/bsl-2022-2023/takim-detay/91108,BAHÇEŞEHİR KOLEJİ,bsl-2022-2023,İSTANBUL,2014,Ülker Spor ve Etkinlik Salonu,12687 Kişi,"BARBAROS MAH. IHLAMUR SOK. BATI ATAŞAHİR-ATAŞEHİR / İSTANBUL

                        "
91109,https://www.tbf.org.tr/ligler/bsl-2022-2023/takim-detay/91109,BEŞİKTAŞ EMLAKJET,bsl-2022-2023,İSTANBUL,1903,BJK Emlakjet Spor Kompleksi,2890 Kişi,"YILDIRIM OĞUZ GÖKER CAD. GELİNCİK SOK. NO:2 AKATLAR-BEŞİKTAŞ / İSTANBUL

                        "
91112,https://www.tbf.org.tr/ligler/bsl-2022-2023/takim-detay/91112,DARÜŞŞAFAKA LASSA,bsl-2022-2023,İSTANBUL,1951,Darüşşafaka Ayhan Şahenk Spor Salonu,3509 Kişi,"DERBENT MEVKİİ, DARÜŞŞAFAKA TESİSLERİ MASLAK-SARIYER / İSTANBUL

                        "
91113,https://www.tbf.org.tr/ligler/bsl-2022-2023/takim-detay/91113,FENERBAHÇE BEKO,bsl-2022-2023,İSTANBUL,1907,Ülker Spor ve Etkinlik Salonu,12687 Kişi,"BARBAROS MAH. IHLAMUR SOK. BATI ATAŞAHİR-ATAŞEHİR / İSTANBUL

                        "
91110,https://www.tbf.org.tr/ligler/bsl-2022-2023/takim-detay/91110,FRUTTİ EXTRA BURSASPOR,bsl-2022-2023,BURSA,2020,Tofaş Spor Salonu,5750 Kişi,"FETHİYE MAH. FETHİYE CAD. NO:1 NİLÜFER / BURSA

                        "
91114,https://www.tbf.org.tr/ligler/bsl-2022-2023/takim-detay/91114,GALATASARAY NEF,bsl-2022-2023,İSTANBUL,1905,Sinan Erdem Spor Salonu,16000 Kişi,"ZUHURATBABA MAH. ATAKÖY BLV. NO:14 BAKIRKÖY / İSTANBUL

                        "
91115,https://www.tbf.org.tr/ligler/bsl-2022-2023/takim-detay/91115,GAZİANTEP BASKETBOL,bsl-2022-2023,GAZİANTEP,1988,Karataş Şahinbey Spor Salonu,5500 Kişi,"KARATAŞ MAH. 103410 NOLU CAD. NO:3 ŞAHİNBEY / GAZİANTEP

                        "
91118,https://www.tbf.org.tr/ligler/bsl-2022-2023/takim-detay/91118,MANİSA BÜYÜKŞEHİR BELEDİYE SPOR,bsl-2022-2023,MANİSA,1994,Muradiye Spor Salonu,3500 Kişi,"MURADİYE MAH. GENÇLİK SOK. NO:13 YUNUSEMRE-MURADİYE / MANİSA
                        "
91111,https://www.tbf.org.tr/ligler/bsl-2022-2023/takim-detay/91111,ONVO BÜYÜKÇEKMECE BASKETBOL,bsl-2022-2023,İSTANBUL,2009,Gazanfer Bilge Spor Salonu,2500 Kişi,"19 MAYIS MAH. OKUL SOK. BÜYÜKÇEKMECE / İSTANBUL

                        "
91116,https://www.tbf.org.tr/ligler/bsl-2022-2023/takim-detay/91116,PINAR KARŞIYAKA,bsl-2022-2023,İZMİR,1912,Mustafa Kemal Atatürk Karşıyaka Spor Salonu,4800 Kişi,"Cafer Düdayev Cad. No:42 Mavişehir/İzmir

                        "
91121,https://www.tbf.org.tr/ligler/bsl-2022-2023/takim-detay/91121,TOFAŞ,bsl-2022-2023,BURSA,1957,Tofaş Spor Salonu,5750 Kişi,"FETHİYE MAH. FETHİYE CAD. NO:1 NİLÜFER / BURSA

                        "
91122,https://www.tbf.org.tr/ligler/bsl-2022-2023/takim-detay/91122,TÜRK TELEKOM,bsl-2022-2023,ANKARA,1954,Ankara Spor Salonu,9984 Kişi,"GAR MEYDANI HİPODRUM CAD. MERKEZ-ALTINDAĞ / ANKARA

                        "
91119,https://www.tbf.org.tr/ligler/bsl-2022-2023/takim-detay/91119,YUKATEL MERKEZEFENDİ BELEDİYESİ BASKET,bsl-2022-2023,DENİZLİ,2018,Pamukkale Üniversitesi Spor Salonu,3490 Kişi,"KINIKLI KAMPÜSÜ PAMUKKALE ÜNİVERSİTESİ SPOR MERKEZİ PAMUKKALE / DENİZLİ

                        "
84172,https://www.tbf.org.tr/ligler/bsl-2021-2022/takim-detay/84172,ALİAĞA PETKİM SPOR,bsl-2021-2022,İZMİR,1984,Enka Spor Salonu,2500 Kişi,"ATATÜRK MAH. GÜNEŞ SOK. NO:23 ALİAĞA / İZMİR

                        "
84173,https://www.tbf.org.tr/ligler/bsl-2021-2022/takim-detay/84173,ANADOLU EFES,bsl-2021-2022,İSTANBUL,1951,Sinan Erdem Spor Salonu,16000 Kişi,"ZUHURATBABA MAH. ATAKÖY BLV. NO:14 BAKIRKÖY / İSTANBUL

                        "
84174,https://www.tbf.org.tr/ligler/bsl-2021-2022/takim-detay/84174,BAHÇEŞEHİR KOLEJİ,bsl-2021-2022,İSTANBUL,2014,, Kişi,"
                        "
84175,https://www.tbf.org.tr/ligler/bsl-2021-2022/takim-detay/84175,BEŞİKTAŞ ICRYPEX,bsl-2021-2022,İSTANBUL,1903,BJK Emlakjet Spor Kompleksi,2890 Kişi,"YILDIRIM OĞUZ GÖKER CAD. GELİNCİK SOK. NO:2 AKATLAR-BEŞİKTAŞ / İSTANBUL

                        "
84176,https://www.tbf.org.tr/ligler/bsl-2021-2022/takim-detay/84176,BÜYÜKÇEKMECE BASKETBOL,bsl-2021-2022,İSTANBUL,2009,Gazanfer Bilge Spor Salonu,2500 Kişi,"19 MAYIS MAH. OKUL SOK. BÜYÜKÇEKMECE / İSTANBUL

                        "
84177,https://www.tbf.org.tr/ligler/bsl-2021-2022/takim-detay/84177,DARÜŞŞAFAKA,bsl-2021-2022,İSTANBUL,1951,Darüşşafaka Ayhan Şahenk Spor Salonu,3509 Kişi,"DERBENT MEVKİİ, DARÜŞŞAFAKA TESİSLERİ MASLAK-SARIYER / İSTANBUL

                        "
84178,https://www.tbf.org.tr/ligler/bsl-2021-2022/takim-detay/84178,FENERBAHÇE BEKO,bsl-2021-2022,İSTANBUL,1907,Ülker Spor ve Etkinlik Salonu,12687 Kişi,"BARBAROS MAH. IHLAMUR SOK. BATI ATAŞAHİR-ATAŞEHİR / İSTANBUL

                        "
84179,https://www.tbf.org.tr/ligler/bsl-2021-2022/takim-detay/84179,FRUTTİ EXTRA BURSASPOR,bsl-2021-2022,BURSA,2020,Tofaş Spor Salonu,5750 Kişi,"FETHİYE MAH. FETHİYE CAD. NO:1 NİLÜFER / BURSA

                        "
84180,https://www.tbf.org.tr/ligler/bsl-2021-2022/takim-detay/84180,GALATASARAY NEF,bsl-2021-2022,İSTANBUL,1905,Sinan Erdem Spor Salonu,16000 Kişi,"ZUHURATBABA MAH. ATAKÖY BLV. NO:14 BAKIRKÖY / İSTANBUL

                        "
84181,https://www.tbf.org.tr/ligler/bsl-2021-2022/takim-detay/84181,GAZİANTEP BASKETBOL,bsl-2021-2022,GAZİANTEP,1988,Karataş Şahinbey Spor Salonu,5500 Kişi,"KARATAŞ MAH. 103410 NOLU CAD. NO:3 ŞAHİNBEY / GAZİANTEP

                        "
84182,https://www.tbf.org.tr/ligler/bsl-2021-2022/takim-detay/84182,HDI SİGORTA AFYON BELEDİYESİ,bsl-2021-2022,AFYONKARAHİSAR,1977,Prof. Dr. Veysel Eroğlu Spor Salonu,2833 Kişi,"CUMHURİYET MAH. CEVAT AHMET PAŞA CAD. MERKEZ / AFYONKARAHİSAR

                        "
84183,https://www.tbf.org.tr/ligler/bsl-2021-2022/takim-detay/84183,PINAR KARŞIYAKA,bsl-2021-2022,İZMİR,1912,Mustafa Kemal Atatürk Karşıyaka Spor Salonu,4800 Kişi,"Cafer Düdayev Cad. No:42 Mavişehir/İzmir

                        "
84186,https://www.tbf.org.tr/ligler/bsl-2021-2022/takim-detay/84186,SEMT77 YALOVASPOR,bsl-2021-2022,YALOVA,1998,90. Yıl Spor Salonu,2000 Kişi,"BAHÇELİEVLER MAH. STADYUM CAD. NO:30 MERKEZ / YALOVA

                        "
84184,https://www.tbf.org.tr/ligler/bsl-2021-2022/takim-detay/84184,TOFAŞ,bsl-2021-2022,BURSA,1957,Tofaş Spor Salonu,5750 Kişi,"FETHİYE MAH. FETHİYE CAD. NO:1 NİLÜFER / BURSA

                        "
84185,https://www.tbf.org.tr/ligler/bsl-2021-2022/takim-detay/84185,TÜRK TELEKOM SPOR,bsl-2021-2022,ANKARA,1954,Ankara Spor Salonu,9984 Kişi,"GAR MEYDANI HİPODRUM CAD. MERKEZ-ALTINDAĞ / ANKARA

                        "
84187,https://www.tbf.org.tr/ligler/bsl-2021-2022/takim-detay/84187,YUKATEL MERKEZEFENDİ BELEDİYESİ BASKET,bsl-2021-2022,DENİZLİ,2018,, Kişi,"
                        "
83834,https://www.tbf.org.tr/ligler/bsl-2020-2021/takim-detay/83834,ALİAĞA PETKİM SPOR,bsl-2020-2021,İZMİR,1984,Enka Spor Salonu,2500 Kişi,"ATATÜRK MAH. GÜNEŞ SOK. NO:23 ALİAĞA / İZMİR

                        "
83748,https://www.tbf.org.tr/ligler/bsl-2020-2021/takim-detay/83748,ANADOLU EFES,bsl-2020-2021,İSTANBUL,1951,Sinan Erdem Spor Salonu,16000 Kişi,"ZUHURATBABA MAH. ATAKÖY BLV. NO:14 BAKIRKÖY / İSTANBUL

                        "
83749,https://www.tbf.org.tr/ligler/bsl-2020-2021/takim-detay/83749,BAHÇEŞEHİR KOLEJİ,bsl-2020-2021,İSTANBUL,2014,BJK Emlakjet Spor Kompleksi,2890 Kişi,"YILDIRIM OĞUZ GÖKER CAD. GELİNCİK SOK. NO:2 AKATLAR-BEŞİKTAŞ / İSTANBUL

                        "
83751,https://www.tbf.org.tr/ligler/bsl-2020-2021/takim-detay/83751,BEŞİKTAŞ ICRYPEX,bsl-2020-2021,İSTANBUL,1903,BJK Emlakjet Spor Kompleksi,2890 Kişi,"YILDIRIM OĞUZ GÖKER CAD. GELİNCİK SOK. NO:2 AKATLAR-BEŞİKTAŞ / İSTANBUL

                        "
83753,https://www.tbf.org.tr/ligler/bsl-2020-2021/takim-detay/83753,BÜYÜKÇEKMECE BASKETBOL,bsl-2020-2021,İSTANBUL,2009,Gazanfer Bilge Spor Salonu,2500 Kişi,"19 MAYIS MAH. OKUL SOK. BÜYÜKÇEKMECE / İSTANBUL

                        "
83754,https://www.tbf.org.tr/ligler/bsl-2020-2021/takim-detay/83754,DARÜŞŞAFAKA TEKFEN,bsl-2020-2021,İSTANBUL,1951,Darüşşafaka Ayhan Şahenk Spor Salonu,3509 Kişi,"DERBENT MEVKİİ, DARÜŞŞAFAKA TESİSLERİ MASLAK-SARIYER / İSTANBUL

                        "
83757,https://www.tbf.org.tr/ligler/bsl-2020-2021/takim-detay/83757,EMPERA HALI GAZİANTEP BASKETBOL,bsl-2020-2021,GAZİANTEP,1988,Karataş Şahinbey Spor Salonu,5500 Kişi,"KARATAŞ MAH. 103410 NOLU CAD. NO:3 ŞAHİNBEY / GAZİANTEP

                        "
83755,https://www.tbf.org.tr/ligler/bsl-2020-2021/takim-detay/83755,FENERBAHÇE BEKO,bsl-2020-2021,İSTANBUL,1907,Ülker Spor ve Etkinlik Salonu,12687 Kişi,"BARBAROS MAH. IHLAMUR SOK. BATI ATAŞAHİR-ATAŞEHİR / İSTANBUL

                        "
83752,https://www.tbf.org.tr/ligler/bsl-2020-2021/takim-detay/83752,FRUTTİ EXTRA BURSASPOR,bsl-2020-2021,BURSA,1963,Tofaş Spor Salonu,5750 Kişi,"FETHİYE MAH. FETHİYE CAD. NO:1 NİLÜFER / BURSA

                        "
83756,https://www.tbf.org.tr/ligler/bsl-2020-2021/takim-detay/83756,GALATASARAY,bsl-2020-2021,İSTANBUL,1905,Sinan Erdem Spor Salonu,16000 Kişi,"ZUHURATBABA MAH. ATAKÖY BLV. NO:14 BAKIRKÖY / İSTANBUL

                        "
83747,https://www.tbf.org.tr/ligler/bsl-2020-2021/takim-detay/83747,HDI SİGORTA AFYON BELEDİYESİ,bsl-2020-2021,AFYONKARAHİSAR,1977,Prof. Dr. Veysel Eroğlu Spor Salonu,2833 Kişi,"CUMHURİYET MAH. CEVAT AHMET PAŞA CAD. MERKEZ / AFYONKARAHİSAR

                        "
83931,https://www.tbf.org.tr/ligler/bsl-2020-2021/takim-detay/83931,LOKMAN HEKİM FETHİYE BELEDİYE SPOR,bsl-2020-2021,MUĞLA,2000,Fethiye Beşkaza Spor Salonu,2250 Kişi,"ELDİREK MAH. ÇOBANLAR SOK. 43/5 FETHİYE / MUĞLA

                        "
83758,https://www.tbf.org.tr/ligler/bsl-2020-2021/takim-detay/83758,OGM ORMANSPOR,bsl-2020-2021,ANKARA,1973,Ankara Spor Salonu,9984 Kişi,"GAR MEYDANI HİPODRUM CAD. MERKEZ-ALTINDAĞ / ANKARA

                        "
83759,https://www.tbf.org.tr/ligler/bsl-2020-2021/takim-detay/83759,PINAR KARŞIYAKA,bsl-2020-2021,İZMİR,1912,Mustafa Kemal Atatürk Karşıyaka Spor Salonu,4800 Kişi,"Cafer Düdayev Cad. No:42 Mavişehir/İzmir

                        "
83760,https://www.tbf.org.tr/ligler/bsl-2020-2021/takim-detay/83760,TOFAŞ,bsl-2020-2021,BURSA,1957,Tofaş Spor Salonu,5750 Kişi,"FETHİYE MAH. FETHİYE CAD. NO:1 NİLÜFER / BURSA

                        "
83761,https://www.tbf.org.tr/ligler/bsl-2020-2021/takim-detay/83761,TÜRK TELEKOM,bsl-2020-2021,ANKARA,1954,Ankara Spor Salonu,9984 Kişi,"GAR MEYDANI HİPODRUM CAD. MERKEZ-ALTINDAĞ / ANKARA

                        "
74866,https://www.tbf.org.tr/ligler/bsl-2019-2020/takim-detay/74866,ANADOLU EFES,bsl-2019-2020,İSTANBUL,1951,Sinan Erdem Spor Salonu,16000 Kişi,"ZUHURATBABA MAH. ATAKÖY BLV. NO:14 BAKIRKÖY / İSTANBUL

                        "
74871,https://www.tbf.org.tr/ligler/bsl-2019-2020/takim-detay/74871,AREL ÜNİVERSİTESİ BÜYÜKÇEKMECE BASKETBOL,bsl-2019-2020,İSTANBUL,2009,Gazanfer Bilge Spor Salonu,2500 Kişi,"19 MAYIS MAH. OKUL SOK. BÜYÜKÇEKMECE / İSTANBUL

                        "
74867,https://www.tbf.org.tr/ligler/bsl-2019-2020/takim-detay/74867,BAHÇEŞEHİR KOLEJİ,bsl-2019-2020,İSTANBUL,2014,BJK Emlakjet Spor Kompleksi,2890 Kişi,"YILDIRIM OĞUZ GÖKER CAD. GELİNCİK SOK. NO:2 AKATLAR-BEŞİKTAŞ / İSTANBUL

                        "
74869,https://www.tbf.org.tr/ligler/bsl-2019-2020/takim-detay/74869,BEŞİKTAŞ SOMPO SİGORTA,bsl-2019-2020,İSTANBUL,1903,BJK Emlakjet Spor Kompleksi,2890 Kişi,"YILDIRIM OĞUZ GÖKER CAD. GELİNCİK SOK. NO:2 AKATLAR-BEŞİKTAŞ / İSTANBUL

                        "
74872,https://www.tbf.org.tr/ligler/bsl-2019-2020/takim-detay/74872,DARÜŞŞAFAKA TEKFEN,bsl-2019-2020,İSTANBUL,1951,Darüşşafaka Ayhan Şahenk Spor Salonu,3509 Kişi,"DERBENT MEVKİİ, DARÜŞŞAFAKA TESİSLERİ MASLAK-SARIYER / İSTANBUL

                        "
74873,https://www.tbf.org.tr/ligler/bsl-2019-2020/takim-detay/74873,FENERBAHÇE BEKO,bsl-2019-2020,İSTANBUL,1907,Ülker Spor ve Etkinlik Salonu,12687 Kişi,"BARBAROS MAH. IHLAMUR SOK. BATI ATAŞAHİR-ATAŞEHİR / İSTANBUL

                        "
74870,https://www.tbf.org.tr/ligler/bsl-2019-2020/takim-detay/74870,FRUTTİ EXTRA BURSASPOR,bsl-2019-2020,BURSA,1963,Tofaş Spor Salonu,5750 Kişi,"FETHİYE MAH. FETHİYE CAD. NO:1 NİLÜFER / BURSA

                        "
74874,https://www.tbf.org.tr/ligler/bsl-2019-2020/takim-detay/74874,GALATASARAY DOĞA SİGORTA,bsl-2019-2020,İSTANBUL,1905,Sinan Erdem Spor Salonu,16000 Kişi,"ZUHURATBABA MAH. ATAKÖY BLV. NO:14 BAKIRKÖY / İSTANBUL

                        "
74875,https://www.tbf.org.tr/ligler/bsl-2019-2020/takim-detay/74875,GAZİANTEP BASKETBOL,bsl-2019-2020,GAZİANTEP,1988,Karataş Şahinbey Spor Salonu,5500 Kişi,"KARATAŞ MAH. 103410 NOLU CAD. NO:3 ŞAHİNBEY / GAZİANTEP

                        "
74865,https://www.tbf.org.tr/ligler/bsl-2019-2020/takim-detay/74865,MEKSA YATIRIM AFYON BELEDİYESPOR,bsl-2019-2020,AFYONKARAHİSAR,1977,Prof. Dr. Veysel Eroğlu Spor Salonu,2833 Kişi,"CUMHURİYET MAH. CEVAT AHMET PAŞA CAD. MERKEZ / AFYONKARAHİSAR

                        "
74878,https://www.tbf.org.tr/ligler/bsl-2019-2020/takim-detay/74878,OGM ORMANSPOR,bsl-2019-2020,ANKARA,1973,Ankara Spor Salonu,9984 Kişi,"GAR MEYDANI HİPODRUM CAD. MERKEZ-ALTINDAĞ / ANKARA

                        "
74877,https://www.tbf.org.tr/ligler/bsl-2019-2020/takim-detay/74877,PINAR KARŞIYAKA,bsl-2019-2020,İZMİR,1912,Mustafa Kemal Atatürk Karşıyaka Spor Salonu,4800 Kişi,"Cafer Düdayev Cad. No:42 Mavişehir/İzmir

                        "
76728,https://www.tbf.org.tr/ligler/bsl-2019-2020/takim-detay/76728,SİGORTAM.NET İTÜ BB,bsl-2019-2020,İSTANBUL,2007,Darüşşafaka Ayhan Şahenk Spor Salonu,3509 Kişi,"DERBENT MEVKİİ, DARÜŞŞAFAKA TESİSLERİ MASLAK-SARIYER / İSTANBUL

                        "
74868,https://www.tbf.org.tr/ligler/bsl-2019-2020/takim-detay/74868,TEKSÜT BANDIRMA BK,bsl-2019-2020,BALIKESİR,1994,TEKSÜT Kara Ali Acar Spor Salonu,2500 Kişi,"600 EVLER MAH. NO:400 BANDIRMA / BALIKESİR

                        "
74879,https://www.tbf.org.tr/ligler/bsl-2019-2020/takim-detay/74879,TOFAŞ,bsl-2019-2020,BURSA,1957,Tofaş Spor Salonu,5750 Kişi,"FETHİYE MAH. FETHİYE CAD. NO:1 NİLÜFER / BURSA

                        "
74880,https://www.tbf.org.tr/ligler/bsl-2019-2020/takim-detay/74880,TÜRK TELEKOM,bsl-2019-2020,ANKARA,1954,Ankara Spor Salonu,9984 Kişi,"GAR MEYDANI HİPODRUM CAD. MERKEZ-ALTINDAĞ / ANKARA

                        "
66251,https://www.tbf.org.tr/ligler/bsl-2018-2019/takim-detay/66251,ADATIP SAKARYA BÜYÜKŞEHİR BELEDİYE BASKETBOL,bsl-2018-2019,SAKARYA,2009,Sakarya Spor Salonu,4570 Kişi,"KÖPRÜBAŞI MAH. MEHMET AKİF ERSOY CAD. SERDİVAN / SAKARYA

                        "
66257,https://www.tbf.org.tr/ligler/bsl-2018-2019/takim-detay/66257,AFYON BELEDİYESPOR,bsl-2018-2019,AFYONKARAHİSAR,1977,Prof. Dr. Veysel Eroğlu Spor Salonu,2833 Kişi,"CUMHURİYET MAH. CEVAT AHMET PAŞA CAD. MERKEZ / AFYONKARAHİSAR

                        "
66256,https://www.tbf.org.tr/ligler/bsl-2018-2019/takim-detay/66256,ANADOLU EFES,bsl-2018-2019,İSTANBUL,1951,Sinan Erdem Spor Salonu,16000 Kişi,"ZUHURATBABA MAH. ATAKÖY BLV. NO:14 BAKIRKÖY / İSTANBUL

                        "
66250,https://www.tbf.org.tr/ligler/bsl-2018-2019/takim-detay/66250,AREL ÜNİVERSİTESİ BÜYÜKÇEKMECE BASKETBOL,bsl-2018-2019,İSTANBUL,2009,Gazanfer Bilge Spor Salonu,2500 Kişi,"19 MAYIS MAH. OKUL SOK. BÜYÜKÇEKMECE / İSTANBUL

                        "
66293,https://www.tbf.org.tr/ligler/bsl-2018-2019/takim-detay/66293,BAHÇEŞEHİR KOLEJİ,bsl-2018-2019,İSTANBUL,2014,Darüşşafaka Ayhan Şahenk Spor Salonu,3509 Kişi,"DERBENT MEVKİİ, DARÜŞŞAFAKA TESİSLERİ MASLAK-SARIYER / İSTANBUL

                        "
66252,https://www.tbf.org.tr/ligler/bsl-2018-2019/takim-detay/66252,BANVİT,bsl-2018-2019,BALIKESİR,1994,TEKSÜT Kara Ali Acar Spor Salonu,2500 Kişi,"600 EVLER MAH. NO:400 BANDIRMA / BALIKESİR

                        "
66254,https://www.tbf.org.tr/ligler/bsl-2018-2019/takim-detay/66254,BEŞİKTAŞ SOMPO JAPAN,bsl-2018-2019,İSTANBUL,1903,BJK Emlakjet Spor Kompleksi,2890 Kişi,"YILDIRIM OĞUZ GÖKER CAD. GELİNCİK SOK. NO:2 AKATLAR-BEŞİKTAŞ / İSTANBUL

                        "
66258,https://www.tbf.org.tr/ligler/bsl-2018-2019/takim-detay/66258,DARÜŞŞAFAKA TEKFEN,bsl-2018-2019,İSTANBUL,1951,Darüşşafaka Ayhan Şahenk Spor Salonu,3509 Kişi,"DERBENT MEVKİİ, DARÜŞŞAFAKA TESİSLERİ MASLAK-SARIYER / İSTANBUL

                        "
66253,https://www.tbf.org.tr/ligler/bsl-2018-2019/takim-detay/66253,FENERBAHÇE BEKO,bsl-2018-2019,İSTANBUL,1907,Ülker Spor ve Etkinlik Salonu,12687 Kişi,"BARBAROS MAH. IHLAMUR SOK. BATI ATAŞAHİR-ATAŞEHİR / İSTANBUL

                        "
66249,https://www.tbf.org.tr/ligler/bsl-2018-2019/takim-detay/66249,GALATASARAY DOĞA SİGORTA,bsl-2018-2019,İSTANBUL,1905,Sinan Erdem Spor Salonu,16000 Kişi,"ZUHURATBABA MAH. ATAKÖY BLV. NO:14 BAKIRKÖY / İSTANBUL

                        "
66259,https://www.tbf.org.tr/ligler/bsl-2018-2019/takim-detay/66259,GAZİANTEP BASKETBOL,bsl-2018-2019,GAZİANTEP,1988,Karataş Şahinbey Spor Salonu,5500 Kişi,"KARATAŞ MAH. 103410 NOLU CAD. NO:3 ŞAHİNBEY / GAZİANTEP

                        "
66248,https://www.tbf.org.tr/ligler/bsl-2018-2019/takim-detay/66248,İSTANBUL BBSK,bsl-2018-2019,İSTANBUL,1990,Cebeci  İBB Spor Salonu,1250 Kişi,"UĞUR MUMCU MAH. ATATÜRK BLV. NO:56 SULTANGAZİ / İSTANBUL


                        "
66255,https://www.tbf.org.tr/ligler/bsl-2018-2019/takim-detay/66255,PINAR KARŞIYAKA,bsl-2018-2019,İZMİR,1912,Mustafa Kemal Atatürk Karşıyaka Spor Salonu,4800 Kişi,"Cafer Düdayev Cad. No:42 Mavişehir/İzmir

                        "
66235,https://www.tbf.org.tr/ligler/bsl-2018-2019/takim-detay/66235,TOFAŞ,bsl-2018-2019,BURSA,1957,Tofaş Spor Salonu,5750 Kişi,"FETHİYE MAH. FETHİYE CAD. NO:1 NİLÜFER / BURSA

                        "
66219,https://www.tbf.org.tr/ligler/bsl-2018-2019/takim-detay/66219,TÜRK TELEKOM,bsl-2018-2019,ANKARA,1954,Ankara Spor Salonu,9984 Kişi,"GAR MEYDANI HİPODRUM CAD. MERKEZ-ALTINDAĞ / ANKARA

                        "
55595,https://www.tbf.org.tr/ligler/bsl-2017-2018/takim-detay/55595,ANADOLU EFES,bsl-2017-2018,İSTANBUL,1951,, Kişi,"
                        "
55596,https://www.tbf.org.tr/ligler/bsl-2017-2018/takim-detay/55596,BANVİT,bsl-2017-2018,BALIKESİR,1994,TEKSÜT Kara Ali Acar Spor Salonu,2500 Kişi,"600 EVLER MAH. NO:400 BANDIRMA / BALIKESİR

                        "
55597,https://www.tbf.org.tr/ligler/bsl-2017-2018/takim-detay/55597,BEŞİKTAŞ SOMPO JAPAN,bsl-2017-2018,İSTANBUL,1903,Beşiktaş Akatlar Arena, Kişi,"Akatlar İstanbul
                        "
55599,https://www.tbf.org.tr/ligler/bsl-2017-2018/takim-detay/55599,DARÜŞŞAFAKA BASKETBOL,bsl-2017-2018,İSTANBUL,1951,Volkswagen Arena, Kişi,"
                        "
55598,https://www.tbf.org.tr/ligler/bsl-2017-2018/takim-detay/55598,DEMİR İNŞAAT BÜYÜKÇEKMECE,bsl-2017-2018,İSTANBUL,2009,Kocaeli Gazanfer Bilge Spor Salonu, Kişi,"
                        "
55600,https://www.tbf.org.tr/ligler/bsl-2017-2018/takim-detay/55600,ESKİŞEHİR BASKET,bsl-2017-2018,ESKİŞEHİR,1995,Eskişehir Teknik Üniversitesi Spor Salonu ,5000 Kişi,"Eskişehir Teknik Üniversitesi İki Eylül Kampüsü 26555 Tepebaşı/Eskişehir

                        "
55601,https://www.tbf.org.tr/ligler/bsl-2017-2018/takim-detay/55601,FENERBAHÇE DOĞUŞ,bsl-2017-2018,İSTANBUL,1907,Ülker Spor ve Etkinlik Salonu,12687 Kişi,"BARBAROS MAH. IHLAMUR SOK. BATI ATAŞAHİR-ATAŞEHİR / İSTANBUL

                        "
55602,https://www.tbf.org.tr/ligler/bsl-2017-2018/takim-detay/55602,GALATASARAY ODEABANK,bsl-2017-2018,İSTANBUL,1905,, Kişi,"
                        "
55603,https://www.tbf.org.tr/ligler/bsl-2017-2018/takim-detay/55603,GAZİANTEP BASKETBOL,bsl-2017-2018,GAZİANTEP,1988,Karataş Şahinbey Spor Salonu,5500 Kişi,"KARATAŞ MAH. 103410 NOLU CAD. NO:3 ŞAHİNBEY / GAZİANTEP

                        "
55604,https://www.tbf.org.tr/ligler/bsl-2017-2018/takim-detay/55604,İSTANBUL BBSK,bsl-2017-2018,İSTANBUL,1990,Cebeci  İBB Spor Salonu,1250 Kişi,"UĞUR MUMCU MAH. ATATÜRK BLV. NO:56 SULTANGAZİ / İSTANBUL


                        "
55609,https://www.tbf.org.tr/ligler/bsl-2017-2018/takim-detay/55609,MURATBEY UŞAK,bsl-2017-2018,UŞAK,1983,, Kişi,"
                        "
55605,https://www.tbf.org.tr/ligler/bsl-2017-2018/takim-detay/55605,PINAR KARŞIYAKA,bsl-2017-2018,İZMİR,1912,Mustafa Kemal Atatürk Karşıyaka Spor Salonu,4800 Kişi,"Cafer Düdayev Cad. No:42 Mavişehir/İzmir

                        "
55606,https://www.tbf.org.tr/ligler/bsl-2017-2018/takim-detay/55606,SAKARYA BÜYÜKŞEHİR BASKETBOL,bsl-2017-2018,SAKARYA,2009,Sakarya Spor Salonu,4570 Kişi,"KÖPRÜBAŞI MAH. MEHMET AKİF ERSOY CAD. SERDİVAN / SAKARYA

                        "
55607,https://www.tbf.org.tr/ligler/bsl-2017-2018/takim-detay/55607,TOFAŞ,bsl-2017-2018,BURSA,1957,Tofaş Spor Salonu,5750 Kişi,"FETHİYE MAH. FETHİYE CAD. NO:1 NİLÜFER / BURSA

                        "
55608,https://www.tbf.org.tr/ligler/bsl-2017-2018/takim-detay/55608,TRABZONSPOR,bsl-2017-2018,TRABZON,1975,Hayri Gür Spor Salonu,7500 Kişi,"Pelitli Mahallesi, Fatih Sk. Avrasya Üniversitesi Yerleşkesi, 61000 Ortahisar/Trabzon
                        "
55610,https://www.tbf.org.tr/ligler/bsl-2017-2018/takim-detay/55610,YEŞİLGİRESUN BELEDİYESPOR,bsl-2017-2018,GİRESUN,2006,19 Eylül Kapalı Spor Salonu,1691 Kişi,"Seldeğirmeni Mah. Atatürk Blv. Giresun Merkez


                        "
45998,https://www.tbf.org.tr/ligler/bsl-2016-2017/takim-detay/45998,ANADOLU EFES,bsl-2016-2017,İSTANBUL,1951,Abdi İpekçi Spor Salonu,0 Kişi,"
                        "
45991,https://www.tbf.org.tr/ligler/bsl-2016-2017/takim-detay/45991,BANVİT,bsl-2016-2017,BALIKESİR,1994,TEKSÜT Kara Ali Acar Spor Salonu,2500 Kişi,"600 EVLER MAH. NO:400 BANDIRMA / BALIKESİR

                        "
46000,https://www.tbf.org.tr/ligler/bsl-2016-2017/takim-detay/46000,BEST BALIKESİR,bsl-2016-2017,BALIKESİR,2004,, Kişi,"
                        "
45989,https://www.tbf.org.tr/ligler/bsl-2016-2017/takim-detay/45989,BEŞİKTAŞ SOMPO JAPAN,bsl-2016-2017,İSTANBUL,1903,Beşiktaş Akatlar Arena, Kişi,"Akatlar İstanbul
                        "
46010,https://www.tbf.org.tr/ligler/bsl-2016-2017/takim-detay/46010,DARÜŞŞAFAKA DOĞUŞ,bsl-2016-2017,İSTANBUL,1951,Volkswagen Arena, Kişi,"
                        "
45992,https://www.tbf.org.tr/ligler/bsl-2016-2017/takim-detay/45992,DEMİR İNŞAAT BÜYÜKÇEKMECE,bsl-2016-2017,İSTANBUL,2009,, Kişi,"
                        "
46008,https://www.tbf.org.tr/ligler/bsl-2016-2017/takim-detay/46008,FENERBAHÇE,bsl-2016-2017,İSTANBUL,1907,Ülker Spor ve Etkinlik Salonu,12687 Kişi,"BARBAROS MAH. IHLAMUR SOK. BATI ATAŞAHİR-ATAŞEHİR / İSTANBUL

                        "
46001,https://www.tbf.org.tr/ligler/bsl-2016-2017/takim-detay/46001,GALATASARAY ODEABANK,bsl-2016-2017,İSTANBUL,1905,Abdi İpekçi Spor Salonu,0 Kişi,"
                        "
46042,https://www.tbf.org.tr/ligler/bsl-2016-2017/takim-detay/46042,GAZİANTEP BASKETBOL,bsl-2016-2017,GAZİANTEP,1988,, Kişi,"
                        "
45994,https://www.tbf.org.tr/ligler/bsl-2016-2017/takim-detay/45994,HALK ENERJİ TED ANKARA KOLEJLİLER,bsl-2016-2017,ANKARA,1954,, Kişi,"
                        "
45993,https://www.tbf.org.tr/ligler/bsl-2016-2017/takim-detay/45993,İSTANBUL BBSK,bsl-2016-2017,İSTANBUL,1990,Cebeci  İBB Spor Salonu,1250 Kişi,"UĞUR MUMCU MAH. ATATÜRK BLV. NO:56 SULTANGAZİ / İSTANBUL


                        "
45981,https://www.tbf.org.tr/ligler/bsl-2016-2017/takim-detay/45981,MURATBEY UŞAK,bsl-2016-2017,UŞAK,1983,Uşak Universitesi, Kişi,"
                        "
46009,https://www.tbf.org.tr/ligler/bsl-2016-2017/takim-detay/46009,PINAR KARŞIYAKA,bsl-2016-2017,İZMİR,1912,Mustafa Kemal Atatürk Karşıyaka Spor Salonu,4800 Kişi,"Cafer Düdayev Cad. No:42 Mavişehir/İzmir

                        "
45990,https://www.tbf.org.tr/ligler/bsl-2016-2017/takim-detay/45990,TOFAŞ,bsl-2016-2017,BURSA,1957,Tofaş Spor Salonu,5750 Kişi,"FETHİYE MAH. FETHİYE CAD. NO:1 NİLÜFER / BURSA

                        "
45961,https://www.tbf.org.tr/ligler/bsl-2016-2017/takim-detay/45961,TRABZONSPOR MEDICAL PARK,bsl-2016-2017,TRABZON,1975,Hayri Gür Spor Salonu,7500 Kişi,"Pelitli Mahallesi, Fatih Sk. Avrasya Üniversitesi Yerleşkesi, 61000 Ortahisar/Trabzon
                        "
45995,https://www.tbf.org.tr/ligler/bsl-2016-2017/takim-detay/45995,YEŞİLGİRESUN BELEDİYESPOR,bsl-2016-2017,GİRESUN,2006,19 Eylül S.S.,0 Kişi,"
                        "
36178,https://www.tbf.org.tr/ligler/bsl-2015-2016/takim-detay/36178,AKIN ÇORAP YEŞİLGİRESUN BLD.,bsl-2015-2016,GİRESUN,2006,, Kişi,"
                        "
36065,https://www.tbf.org.tr/ligler/bsl-2015-2016/takim-detay/36065,ANADOLU EFES,bsl-2015-2016,İSTANBUL,1951,Abdi İpekçi Spor Salonu,0 Kişi,"
                        "
36066,https://www.tbf.org.tr/ligler/bsl-2015-2016/takim-detay/36066,BANVİT BASKETBOL,bsl-2015-2016,BALIKESİR,1994,TEKSÜT Kara Ali Acar Spor Salonu,2500 Kişi,"600 EVLER MAH. NO:400 BANDIRMA / BALIKESİR

                        "
36068,https://www.tbf.org.tr/ligler/bsl-2015-2016/takim-detay/36068,BEŞİKTAŞ SOMPO JAPAN,bsl-2015-2016,İSTANBUL,1903,BJK Fibabanka Spor Kompleksi,3000 Kişi,"Yıldırım Oğuz Göker Caddesi, Gelincik Sokak, No:2, Akatlar, Beşiktaş / İSTANBUL
                        "
36169,https://www.tbf.org.tr/ligler/bsl-2015-2016/takim-detay/36169,DARÜŞŞAFAKA DOĞUŞ,bsl-2015-2016,İSTANBUL,1951,, Kişi,"
                        "
36168,https://www.tbf.org.tr/ligler/bsl-2015-2016/takim-detay/36168,DEMİR İNŞAAT BÜYÜKÇEKMECE,bsl-2015-2016,İSTANBUL,2009,Kocaeli Gazanfer Bilge Spor Salonu, Kişi,"
                        "
36097,https://www.tbf.org.tr/ligler/bsl-2015-2016/takim-detay/36097,FENERBAHÇE,bsl-2015-2016,İSTANBUL,1907,Ülker Spor ve Etkinlik Salonu,12687 Kişi,"BARBAROS MAH. IHLAMUR SOK. BATI ATAŞAHİR-ATAŞEHİR / İSTANBUL

                        "
36170,https://www.tbf.org.tr/ligler/bsl-2015-2016/takim-detay/36170,GALATASARAY ODEABANK,bsl-2015-2016,İSTANBUL,1905,Abdi İpekçi Spor Salonu,0 Kişi,"
                        "
36074,https://www.tbf.org.tr/ligler/bsl-2015-2016/takim-detay/36074,İSTANBUL BBSK,bsl-2015-2016,İSTANBUL,1990,Cebeci  İBB Spor Salonu,1250 Kişi,"UĞUR MUMCU MAH. ATATÜRK BLV. NO:56 SULTANGAZİ / İSTANBUL


                        "
36176,https://www.tbf.org.tr/ligler/bsl-2015-2016/takim-detay/36176,MURATBEY UŞAK SPORTİF,bsl-2015-2016,UŞAK,1983,, Kişi,"
                        "
36172,https://www.tbf.org.tr/ligler/bsl-2015-2016/takim-detay/36172,PINAR KARŞIYAKA,bsl-2015-2016,İZMİR,1912,Mustafa Kemal Atatürk Karşıyaka Spor Salonu,4800 Kişi,"Cafer Düdayev Cad. No:42 Mavişehir/İzmir

                        "
36179,https://www.tbf.org.tr/ligler/bsl-2015-2016/takim-detay/36179,ROYAL HALI GAZİANTEP,bsl-2015-2016,GAZİANTEP,1988,Karataş Şahinbey Spor Salonu,5500 Kişi,"KARATAŞ MAH. 103410 NOLU CAD. NO:3 ŞAHİNBEY / GAZİANTEP

                        "
36075,https://www.tbf.org.tr/ligler/bsl-2015-2016/takim-detay/36075,RÖNESANS TED ANKARA KOLEJLİLER,bsl-2015-2016,ANKARA,1954,Ankara Spor Salonu,9984 Kişi,"GAR MEYDANI HİPODRUM CAD. MERKEZ-ALTINDAĞ / ANKARA

                        "
36174,https://www.tbf.org.tr/ligler/bsl-2015-2016/takim-detay/36174,TORKU KONYA SPOR,bsl-2015-2016,KONYA,1978,Selçuklu Belediyesi Spor Salonu,4200 Kişi,"PARSANA MAH. PARSANA KEREM SOK. SELÇUKLU / KONYA

                        "
36077,https://www.tbf.org.tr/ligler/bsl-2015-2016/takim-detay/36077,TRABZONSPOR MEDICALPARK,bsl-2015-2016,TRABZON,1975,Hayri Gür Spor Salonu,7500 Kişi,"Pelitli Mahallesi, Fatih Sk. Avrasya Üniversitesi Yerleşkesi, 61000 Ortahisar/Trabzon
                        "
36177,https://www.tbf.org.tr/ligler/bsl-2015-2016/takim-detay/36177,TÜRK TELEKOM,bsl-2015-2016,ANKARA,1954,Ankara Spor Salonu,9984 Kişi,"GAR MEYDANI HİPODRUM CAD. MERKEZ-ALTINDAĞ / ANKARA

                        "
30704,https://www.tbf.org.tr/ligler/bsl-2014-2015/takim-detay/30704,ANADOLU EFES,bsl-2014-2015,İSTANBUL,1951,Abdi İpekçi Spor Salonu,0 Kişi,"
                        "
30706,https://www.tbf.org.tr/ligler/bsl-2014-2015/takim-detay/30706,BANVİT,bsl-2014-2015,BALIKESİR,1994,TEKSÜT Kara Ali Acar Spor Salonu,2500 Kişi,"600 EVLER MAH. NO:400 BANDIRMA / BALIKESİR

                        "
30707,https://www.tbf.org.tr/ligler/bsl-2014-2015/takim-detay/30707,BEŞİKTAŞ INTEGRAL FOREX,bsl-2014-2015,İSTANBUL,1903,Beşiktaş Akatlar Arena, Kişi,"Akatlar İstanbul
                        "
30709,https://www.tbf.org.tr/ligler/bsl-2014-2015/takim-detay/30709,DARÜŞŞAFAKA DOĞUŞ,bsl-2014-2015,İSTANBUL,1951,Darüşşafaka Ayhan Şahenk Spor Salonu,3509 Kişi,"DERBENT MEVKİİ, DARÜŞŞAFAKA TESİSLERİ MASLAK-SARIYER / İSTANBUL

                        "
30705,https://www.tbf.org.tr/ligler/bsl-2014-2015/takim-detay/30705,FENERBAHÇE ÜLKER,bsl-2014-2015,İSTANBUL,1907,Ülker Spor ve Etkinlik Salonu,12687 Kişi,"BARBAROS MAH. IHLAMUR SOK. BATI ATAŞAHİR-ATAŞEHİR / İSTANBUL

                        "
30710,https://www.tbf.org.tr/ligler/bsl-2014-2015/takim-detay/30710,GALATASARAY LIV HOSPITAL,bsl-2014-2015,İSTANBUL,1905,Abdi İpekçi Spor Salonu,0 Kişi,"
                        "
30712,https://www.tbf.org.tr/ligler/bsl-2014-2015/takim-detay/30712,İSTANBUL BŞB.,bsl-2014-2015,İSTANBUL,1990,Cebeci  İBB Spor Salonu,1250 Kişi,"UĞUR MUMCU MAH. ATATÜRK BLV. NO:56 SULTANGAZİ / İSTANBUL


                        "
30721,https://www.tbf.org.tr/ligler/bsl-2014-2015/takim-detay/30721,MURATBEY UŞAK SPORTİF,bsl-2014-2015,UŞAK,1983,Uşak Universitesi, Kişi,"
                        "
30714,https://www.tbf.org.tr/ligler/bsl-2014-2015/takim-detay/30714,NSK ESKİŞEHİR BASKET,bsl-2014-2015,ESKİŞEHİR,1995,, Kişi,"
                        "
30713,https://www.tbf.org.tr/ligler/bsl-2014-2015/takim-detay/30713,PINAR KARŞIYAKA,bsl-2014-2015,İZMİR,1912,Mustafa Kemal Atatürk Karşıyaka Spor Salonu,4800 Kişi,"Cafer Düdayev Cad. No:42 Mavişehir/İzmir

                        "
30711,https://www.tbf.org.tr/ligler/bsl-2014-2015/takim-detay/30711,ROYAL HALI GAZİANTEP B.,bsl-2014-2015,GAZİANTEP,1988,Karataş Şahinbey Spor Salonu,5500 Kişi,"KARATAŞ MAH. 103410 NOLU CAD. NO:3 ŞAHİNBEY / GAZİANTEP

                        "
30715,https://www.tbf.org.tr/ligler/bsl-2014-2015/takim-detay/30715,RÖNESANS TED ANKARA KOLEJLİLER,bsl-2014-2015,ANKARA,1954,TOBB ETÜ Spor Salonu ,1930 Kişi,"Beştepe Mah. Söğütözü Cad. No:43 Yenimahalle/Ankara


                        "
30716,https://www.tbf.org.tr/ligler/bsl-2014-2015/takim-detay/30716,TOFAŞ,bsl-2014-2015,BURSA,1957,, Kişi,"
                        "
30755,https://www.tbf.org.tr/ligler/bsl-2014-2015/takim-detay/30755,TORKU KONYASPOR BASKET,bsl-2014-2015,KONYA,1978,, Kişi,"
                        "
30719,https://www.tbf.org.tr/ligler/bsl-2014-2015/takim-detay/30719,TRABZONSPOR MEDICAL PARK,bsl-2014-2015,TRABZON,1975,Hayri Gür Spor Salonu,7500 Kişi,"Pelitli Mahallesi, Fatih Sk. Avrasya Üniversitesi Yerleşkesi, 61000 Ortahisar/Trabzon
                        "
30720,https://www.tbf.org.tr/ligler/bsl-2014-2015/takim-detay/30720,TÜRK TELEKOM,bsl-2014-2015,ANKARA,1954,Ankara Spor Salonu,9984 Kişi,"GAR MEYDANI HİPODRUM CAD. MERKEZ-ALTINDAĞ / ANKARA

                        "
24805,https://www.tbf.org.tr/ligler/bsl-2013-2014/takim-detay/24805,ALİAĞA PETKİM,bsl-2013-2014,İZMİR,1993,, Kişi,"
                        "
24806,https://www.tbf.org.tr/ligler/bsl-2013-2014/takim-detay/24806,ANADOLU EFES,bsl-2013-2014,İSTANBUL,1951,, Kişi,"
                        "
24831,https://www.tbf.org.tr/ligler/bsl-2013-2014/takim-detay/24831,AYKON TED ANK. KOLEJLİLER,bsl-2013-2014,ANKARA,1954,, Kişi,"
                        "
24807,https://www.tbf.org.tr/ligler/bsl-2013-2014/takim-detay/24807,BANVİT,bsl-2013-2014,BALIKESİR,1994,, Kişi,"
                        "
24808,https://www.tbf.org.tr/ligler/bsl-2013-2014/takim-detay/24808,BEŞİKTAŞ INTEGRAL FOREX,bsl-2013-2014,İSTANBUL,1903,, Kişi,"
                        "
24820,https://www.tbf.org.tr/ligler/bsl-2013-2014/takim-detay/24820,FENERBAHÇE ÜLKER,bsl-2013-2014,İSTANBUL,1907,, Kişi,"
                        "
24823,https://www.tbf.org.tr/ligler/bsl-2013-2014/takim-detay/24823,GALATASARAY LIV HOSPITAL,bsl-2013-2014,İSTANBUL,1905,Abdi İpekçi Spor Salonu,0 Kişi,"
                        "
24828,https://www.tbf.org.tr/ligler/bsl-2013-2014/takim-detay/24828,MERSİN BŞB.,bsl-2013-2014,MERSİN,1991,, Kişi,"
                        "
24829,https://www.tbf.org.tr/ligler/bsl-2013-2014/takim-detay/24829,OLİN EDİRNE,bsl-2013-2014,ESKİŞEHİR,1995,, Kişi,"
                        "
24827,https://www.tbf.org.tr/ligler/bsl-2013-2014/takim-detay/24827,PINAR KARŞIYAKA,bsl-2013-2014,İZMİR,1912,, Kişi,"
                        "
24825,https://www.tbf.org.tr/ligler/bsl-2013-2014/takim-detay/24825,ROYAL HALI GAZİANTEP BASKETBOL,bsl-2013-2014,GAZİANTEP,1988,, Kişi,"
                        "
24833,https://www.tbf.org.tr/ligler/bsl-2013-2014/takim-detay/24833,TOFAŞ,bsl-2013-2014,BURSA,1957,, Kişi,"
                        "
24809,https://www.tbf.org.tr/ligler/bsl-2013-2014/takim-detay/24809,TORKU KONYA SELÇUK ÜNİV.,bsl-2013-2014,KONYA,1978,, Kişi,"
                        "
24834,https://www.tbf.org.tr/ligler/bsl-2013-2014/takim-detay/24834,TRABZONSPOR MEDICAL PARK,bsl-2013-2014,TRABZON,1975,, Kişi,"
                        "
24836,https://www.tbf.org.tr/ligler/bsl-2013-2014/takim-detay/24836,TÜRK TELEKOM,bsl-2013-2014,ANKARA,1954,, Kişi,"
                        "
24843,https://www.tbf.org.tr/ligler/bsl-2013-2014/takim-detay/24843,UŞAK SPORTİF,bsl-2013-2014,UŞAK,1983,, Kişi,"
                        "
22591,https://www.tbf.org.tr/ligler/bsl-2012-2013/takim-detay/22591,ALİAĞA PETKİM,bsl-2012-2013,İZMİR,1993,, Kişi,"
                        "
22631,https://www.tbf.org.tr/ligler/bsl-2012-2013/takim-detay/22631,ANADOLU EFES,bsl-2012-2013,İSTANBUL,1951,, Kişi,"
                        "
22677,https://www.tbf.org.tr/ligler/bsl-2012-2013/takim-detay/22677,ANTALYA BŞB.,bsl-2012-2013,ANTALYA,1995,, Kişi,"
                        "
22759,https://www.tbf.org.tr/ligler/bsl-2012-2013/takim-detay/22759,BANVİT,bsl-2012-2013,BALIKESİR,1994,TEKSÜT Kara Ali Acar Spor Salonu,2500 Kişi,"600 EVLER MAH. NO:400 BANDIRMA / BALIKESİR

                        "
22832,https://www.tbf.org.tr/ligler/bsl-2012-2013/takim-detay/22832,BEŞİKTAŞ,bsl-2012-2013,İSTANBUL,1903,Abdi İpekçi Spor Salonu,0 Kişi,"
                        "
23199,https://www.tbf.org.tr/ligler/bsl-2012-2013/takim-detay/23199,ERDEMİR,bsl-2012-2013,KONYA,1978,Erdemir Spor Salonu,1660 Kişi,"Bağlık Mahallesi Alemdar Caddesi No:4 Ereğli / ZONGULDAK
                        "
23259,https://www.tbf.org.tr/ligler/bsl-2012-2013/takim-detay/23259,FENERBAHÇE ÜLKER,bsl-2012-2013,İSTANBUL,1907,Ülker Spor ve Etkinlik Salonu,12687 Kişi,"BARBAROS MAH. IHLAMUR SOK. BATI ATAŞAHİR-ATAŞEHİR / İSTANBUL

                        "
23326,https://www.tbf.org.tr/ligler/bsl-2012-2013/takim-detay/23326,GALATASARAY MEDİCAL PARK,bsl-2012-2013,İSTANBUL,1905,Abdi İpekçi Spor Salonu,0 Kişi,"
                        "
23390,https://www.tbf.org.tr/ligler/bsl-2012-2013/takim-detay/23390,HACETTEPE ÜNİV.,bsl-2012-2013,ANKARA,2004,, Kişi,"
                        "
23767,https://www.tbf.org.tr/ligler/bsl-2012-2013/takim-detay/23767,MERSİN BŞB.,bsl-2012-2013,MERSİN,1991,, Kişi,"
                        "
23850,https://www.tbf.org.tr/ligler/bsl-2012-2013/takim-detay/23850,OLİN EDİRNE,bsl-2012-2013,ESKİŞEHİR,1995,Edirne Mimar Sinan Spor Salonu,1800 Kişi,"ŞÜKRÜ PAŞA MAH. TALATPAŞA CAD. NO:88  EDİRNE

                        "
23593,https://www.tbf.org.tr/ligler/bsl-2012-2013/takim-detay/23593,PINAR KARŞIYAKA,bsl-2012-2013,İZMİR,1912,, Kişi,"
                        "
23338,https://www.tbf.org.tr/ligler/bsl-2012-2013/takim-detay/23338,ROYAL HALI GAZİANTEP BŞB.,bsl-2012-2013,GAZİANTEP,1988,, Kişi,"
                        "
24094,https://www.tbf.org.tr/ligler/bsl-2012-2013/takim-detay/24094,T.E.D. ANKARA KOLEJLİLER,bsl-2012-2013,ANKARA,1954,, Kişi,"
                        "
24178,https://www.tbf.org.tr/ligler/bsl-2012-2013/takim-detay/24178,TOFAŞ,bsl-2012-2013,BURSA,1957,Bursa Atatürk Spor Salonu,3000 Kişi,"GAZİAKDEMİR MAH. STADYUM CAD. OSMANGAZİ / BURSA

                        "
24244,https://www.tbf.org.tr/ligler/bsl-2012-2013/takim-detay/24244,TÜRK TELEKOM,bsl-2012-2013,ANKARA,1954,, Kişi,"
                        "
22590,https://www.tbf.org.tr/ligler/bsl-2011-2012/takim-detay/22590,ALİAĞA PETKİM,bsl-2011-2012,İZMİR,1993,, Kişi,"
                        "
22630,https://www.tbf.org.tr/ligler/bsl-2011-2012/takim-detay/22630,ANADOLU EFES,bsl-2011-2012,İSTANBUL,1951,Sinan Erdem Spor Salonu,16000 Kişi,"ZUHURATBABA MAH. ATAKÖY BLV. NO:14 BAKIRKÖY / İSTANBUL

                        "
22676,https://www.tbf.org.tr/ligler/bsl-2011-2012/takim-detay/22676,ANTALYA BŞB.,bsl-2011-2012,ANTALYA,1995,Antalya ATATÜRK Spor Salonu,0 Kişi,"
                        "
22746,https://www.tbf.org.tr/ligler/bsl-2011-2012/takim-detay/22746,BANDIRMA KIRMIZI,bsl-2011-2012,İSTANBUL,2005,TEKSÜT Kara Ali Acar Spor Salonu,2500 Kişi,"600 EVLER MAH. NO:400 BANDIRMA / BALIKESİR

                        "
22758,https://www.tbf.org.tr/ligler/bsl-2011-2012/takim-detay/22758,BANVİT,bsl-2011-2012,BALIKESİR,1994,TEKSÜT Kara Ali Acar Spor Salonu,2500 Kişi,"600 EVLER MAH. NO:400 BANDIRMA / BALIKESİR

                        "
22831,https://www.tbf.org.tr/ligler/bsl-2011-2012/takim-detay/22831,BEŞİKTAŞ,bsl-2011-2012,İSTANBUL,1903,BJK Emlakjet Spor Kompleksi,2890 Kişi,"YILDIRIM OĞUZ GÖKER CAD. GELİNCİK SOK. NO:2 AKATLAR-BEŞİKTAŞ / İSTANBUL

                        "
23198,https://www.tbf.org.tr/ligler/bsl-2011-2012/takim-detay/23198,ERDEMİR,bsl-2011-2012,KONYA,1978,Erdemir Spor Salonu,1660 Kişi,"Bağlık Mahallesi Alemdar Caddesi No:4 Ereğli / ZONGULDAK
                        "
23258,https://www.tbf.org.tr/ligler/bsl-2011-2012/takim-detay/23258,FENERBAHÇE ÜLKER,bsl-2011-2012,İSTANBUL,1907,Ülker Spor ve Etkinlik Salonu,12687 Kişi,"BARBAROS MAH. IHLAMUR SOK. BATI ATAŞAHİR-ATAŞEHİR / İSTANBUL

                        "
23325,https://www.tbf.org.tr/ligler/bsl-2011-2012/takim-detay/23325,GALATASARAY MEDİCAL PARK,bsl-2011-2012,İSTANBUL,1905,Abdi İpekçi Spor Salonu,0 Kişi,"
                        "
23389,https://www.tbf.org.tr/ligler/bsl-2011-2012/takim-detay/23389,HACETTEPE ÜNİV.,bsl-2011-2012,ANKARA,2004,, Kişi,"
                        "
23766,https://www.tbf.org.tr/ligler/bsl-2011-2012/takim-detay/23766,MERSİN BŞB.,bsl-2011-2012,MERSİN,1991,, Kişi,"
                        "
23849,https://www.tbf.org.tr/ligler/bsl-2011-2012/takim-detay/23849,OLİN EDİRNE,bsl-2011-2012,ESKİŞEHİR,1995,Edirne Mimar Sinan Spor Salonu,1800 Kişi,"ŞÜKRÜ PAŞA MAH. TALATPAŞA CAD. NO:88  EDİRNE

                        "
23592,https://www.tbf.org.tr/ligler/bsl-2011-2012/takim-detay/23592,PINAR KARŞIYAKA,bsl-2011-2012,İZMİR,1912,, Kişi,"
                        "
24177,https://www.tbf.org.tr/ligler/bsl-2011-2012/takim-detay/24177,TOFAŞ,bsl-2011-2012,BURSA,1957,Bursa Atatürk Spor Salonu,3000 Kişi,"GAZİAKDEMİR MAH. STADYUM CAD. OSMANGAZİ / BURSA

                        "
24197,https://www.tbf.org.tr/ligler/bsl-2011-2012/takim-detay/24197,TRABZONSPOR ,bsl-2011-2012,TRABZON,1975,, Kişi,"
                        "
24243,https://www.tbf.org.tr/ligler/bsl-2011-2012/takim-detay/24243,TÜRK TELEKOM,bsl-2011-2012,ANKARA,1954,, Kişi,"
                        "
22589,https://www.tbf.org.tr/ligler/bsl-2010-2011/takim-detay/22589,Aliağa Petkim,bsl-2010-2011,İZMİR,1993,, Kişi,"
                        "
22629,https://www.tbf.org.tr/ligler/bsl-2010-2011/takim-detay/22629,ANADOLU EFES,bsl-2010-2011,İSTANBUL,1951,Abdi İpekçi Spor Salonu,0 Kişi,"
                        "
22675,https://www.tbf.org.tr/ligler/bsl-2010-2011/takim-detay/22675,ANTALYA BŞB.,bsl-2010-2011,ANTALYA,1995,Antalya ATATÜRK Spor Salonu,0 Kişi,"
                        "
22757,https://www.tbf.org.tr/ligler/bsl-2010-2011/takim-detay/22757,BANVİT,bsl-2010-2011,BALIKESİR,1994,TEKSÜT Kara Ali Acar Spor Salonu,2500 Kişi,"600 EVLER MAH. NO:400 BANDIRMA / BALIKESİR

                        "
22830,https://www.tbf.org.tr/ligler/bsl-2010-2011/takim-detay/22830,BEŞİKTAŞ,bsl-2010-2011,İSTANBUL,1903,Abdi İpekçi Spor Salonu,0 Kişi,"
                        "
22873,https://www.tbf.org.tr/ligler/bsl-2010-2011/takim-detay/22873,BORNOVA BELEDİYESİ,bsl-2010-2011,İZMİR,1986,ATATÜRK Spor Salonu,0 Kişi,"
                        "
23197,https://www.tbf.org.tr/ligler/bsl-2010-2011/takim-detay/23197,ERDEMİR,bsl-2010-2011,KONYA,1978,Erdemir Spor Salonu,1660 Kişi,"Bağlık Mahallesi Alemdar Caddesi No:4 Ereğli / ZONGULDAK
                        "
23257,https://www.tbf.org.tr/ligler/bsl-2010-2011/takim-detay/23257,FENERBAHÇE ÜLKER,bsl-2010-2011,İSTANBUL,1907,Abdi İpekçi Spor Salonu,0 Kişi,"
                        "
23324,https://www.tbf.org.tr/ligler/bsl-2010-2011/takim-detay/23324,GALATASARAY,bsl-2010-2011,İSTANBUL,1905,Abdi İpekçi Spor Salonu,0 Kişi,"
                        "
23765,https://www.tbf.org.tr/ligler/bsl-2010-2011/takim-detay/23765,Mersin Bş. Bld.,bsl-2010-2011,MERSİN,1991,Edip Buran Spor Salonu,1400 Kişi,"Pirireis Mh. Gmk Bulvarı Müftü Deresi Yanı Mersin


                        "
23848,https://www.tbf.org.tr/ligler/bsl-2010-2011/takim-detay/23848,OLİN EDİRNE,bsl-2010-2011,ESKİŞEHİR,1995,Edirne Mimar Sinan Spor Salonu,1800 Kişi,"ŞÜKRÜ PAŞA MAH. TALATPAŞA CAD. NO:88  EDİRNE

                        "
23905,https://www.tbf.org.tr/ligler/bsl-2010-2011/takim-detay/23905,Oyak Renault,bsl-2010-2011,BURSA,1974,Bursa Atatürk Spor Salonu,3000 Kişi,"GAZİAKDEMİR MAH. STADYUM CAD. OSMANGAZİ / BURSA

                        "
23591,https://www.tbf.org.tr/ligler/bsl-2010-2011/takim-detay/23591,PINAR KARŞIYAKA,bsl-2010-2011,İZMİR,1912,ATATÜRK Spor Salonu,0 Kişi,"
                        "
24176,https://www.tbf.org.tr/ligler/bsl-2010-2011/takim-detay/24176,TOFAŞ,bsl-2010-2011,BURSA,1957,Bursa Atatürk Spor Salonu,3000 Kişi,"GAZİAKDEMİR MAH. STADYUM CAD. OSMANGAZİ / BURSA

                        "
24196,https://www.tbf.org.tr/ligler/bsl-2010-2011/takim-detay/24196,TRABZONSPOR BASKETBOL,bsl-2010-2011,TRABZON,1975,, Kişi,"
                        "
24242,https://www.tbf.org.tr/ligler/bsl-2010-2011/takim-detay/24242,TÜRK TELEKOM,bsl-2010-2011,ANKARA,1954,ATATÜRK Spor Salonu,0 Kişi,"
                        "
